Date,Description,Amount,Location,Retail
30/12/2022,TFL TRAVEL CHARGE       TFL.GOV.UK/CP,2.5,UK,Tfl
30/12/2022,TRAINLINE.COM           LONDON,21.1,London,Trainline
29/12/2022,TRAINLINE.COM           LONDON,48.99,London,Trainline
27/12/2022,3CPAYMENT*PRET A MANGER LONDON,7.95,London,Pret
27/12/2022,TFL TRAVEL CHARGE       TFL.GOV.UK/CP,2.5,UK,Tfl
27/12/2022,TRAINLINE.COM           LONDON,14.95,London,Trainline
26/12/2022,UBER TRIP               SAN FRANCISCO,6.91,UK,Uber
26/12/2022,READINGBISCUITFACTORY.  LONDON,7.1,London,Other
25/12/2022,GOOGLE*GOOGLE STORAGE   LONDON,1.59,London,Other
24/12/2022,INTEREST CHARGE,2.03,UK,Other
23/12/2022,TESCO STORE 5528 5528TE READING,32.49,Reading,Tesco
21/12/2022,TRAINLINE.COM           LONDON,14.95,London,Trainline
21/12/2022,TFL TRAVEL CHARGE       TFL.GOV.UK/CP,5.0,UK,Tfl
21/12/2022,MARKS AND SPENCER PADDI LONDON,1.15,London,Marks And Spencer
21/12/2022,MCDONALDS SHAFTESBURY A LONDON,4.28,Shaftesbury,Other
21/12/2022,READING BUSES           READING,4.3,Reading,Reading Buses
19/12/2022,BOOTS THE CHEMIST       READING,12.15,Reading,Boots
19/12/2022,INTEREST CHARGE,5.78,UK,Other
18/12/2022,TRAINLINE.COM           LONDON,36.3,London,Trainline
16/12/2022,GOOGLE*YOUTUBEPREMIUM   LONDON,11.99,London,Other
05/12/2022,WIKIMEDIA 877 600 9454  SAN FRANCISCO,2.35,UK,Wikimedia
25/11/2022,GOOGLE*GOOGLE STORAGE   LONDON,1.59,London,Other
24/11/2022,INTEREST CHARGE,7.59,UK,Other
19/11/2022,INTEREST CHARGE,1.79,UK,Other
18/11/2022,TRAINLINE.COM           LONDON,14.4,London,Trainline
18/11/2022,BOOTS UK                HOUNSLOW,2.15,UK,Boots
18/11/2022,READING BUSES           READING,2.2,Reading,Reading Buses
17/11/2022,READING BUSES           READING,4.3,Reading,Reading Buses
17/11/2022,TRAINLINE.COM           LONDON,7.5,London,Trainline
16/11/2022,TESCO STORE 5528 5528TE READING,27.8,Reading,Tesco
15/11/2022,READING BUSES           READING,4.3,Reading,Reading Buses
15/11/2022,TESCO STORE 5528 5528TE READING,7.0,Reading,Tesco
15/11/2022,TRAINLINE.COM           LONDON,10.8,London,Trainline
14/11/2022,SPORTS DIRECT           READING,22.99,Reading,Sports Direct
14/11/2022,READING BUSES           READING,4.3,Reading,Reading Buses
13/11/2022,TK MAXX                 READING,24.99,Reading,Tk Maxx
13/11/2022,READING BUSES           READING,4.3,Reading,Reading Buses
09/11/2022,BOOST JUICE BARS BOOST  READING,13.0,Reading,Other
09/11/2022,READING BUSES           READING,4.3,Reading,Reading Buses
09/11/2022,SAPANA HOME LTD         BERKSHIRE,23.5,UK,Other
09/11/2022,TRAINLINE.COM           LONDON,10.8,London,Trainline
09/11/2022,TESCO STORE 5528 5528TE READING,24.23,Reading,Tesco
09/11/2022,THE BODY SHOP INTERNATI LITTLEHAMPTON,13.0,Littlehampton,Other
08/11/2022,READING BUSES           READING,4.3,Reading,Reading Buses
08/11/2022,SPORTS DIRECT           READING,57.99,Reading,Sports Direct
08/11/2022,TRAINLINE.COM           LONDON,7.5,London,Trainline
05/11/2022,MCDONALD'S - READING 10 READING,4.96,Reading,Mcdonald'S
05/11/2022,TRAINLINE.COM           LONDON,28.6,London,Trainline
05/11/2022,READING BUSES           READING,4.3,Reading,Reading Buses
04/11/2022,READING BUSES           READING,4.3,Reading,Reading Buses
03/11/2022,WIKIMEDIA 877 600 9454  SAN FRANCISCO,2.35,UK,Wikimedia
02/11/2022,READING BUSES           READING,4.3,Reading,Reading Buses
02/11/2022,TRAINLINE.COM           LONDON,10.8,London,Trainline
30/10/2022,SPORTS DIRECT           READING,122.48,Reading,Sports Direct
30/10/2022,READING BUSES           READING,4.3,Reading,Reading Buses
30/10/2022,TK MAXX                 READING,76.98,Reading,Tk Maxx
29/10/2022,READING BUSES           READING,4.3,Reading,Reading Buses
29/10/2022,TFL TRAVEL CHARGE       TFL.GOV.UK/CP,6.2,UK,Tfl
29/10/2022,TRAINLINE.COM           LONDON,14.95,London,Trainline
27/10/2022,READING BUSES           READING,4.3,Reading,Reading Buses
27/10/2022,TRAINLINE.COM           LONDON,10.8,London,Trainline
26/10/2022,TRAINLINE.COM           LONDON,10.8,London,Trainline
26/10/2022,READING BUSES           READING,4.3,Reading,Reading Buses
26/10/2022,GOOGLE*GOOGLE STORAGE   LONDON,1.59,London,Other
24/10/2022,INTEREST CHARGE,36.3,UK,Other
22/10/2022,LINKEDIN                DUBLIN,15.0,UK,Other
21/10/2022,TFL TRAVEL CHARGE       TFL.GOV.UK/CP,7.5,UK,Tfl
21/10/2022,READING BUSES           READING,4.3,Reading,Reading Buses
21/10/2022,TRAINLINE.COM           LONDON,14.95,London,Trainline
20/10/2022,TRAINLINE.COM           LONDON,7.5,London,Trainline
19/10/2022,INTEREST CHARGE,5.07,UK,Other
18/10/2022,READING BUSES           READING,4.3,Reading,Reading Buses
18/10/2022,MCDONALD'S - READING 10 READING,1.99,Reading,Mcdonald'S
18/10/2022,TRAINLINE.COM           LONDON,7.5,London,Trainline
16/10/2022,TFL TRAVEL CHARGE       TFL.GOV.UK/CP,5.0,UK,Tfl
16/10/2022,READING BUSES           READING,4.3,Reading,Reading Buses
16/10/2022,TRAINLINE.COM           LONDON,14.95,London,Trainline
13/10/2022,IZ *CHILLIM KITCHEN LIM READING,6.5,Reading,Other
13/10/2022,TRAINLINE.COM           LONDON,10.8,London,Trainline
13/10/2022,READING BUSES           READING,4.3,Reading,Reading Buses
08/10/2022,READING BUSES           READING,2.2,Reading,Reading Buses
08/10/2022,TFL TRAVEL CHARGE       TFL.GOV.UK/CP,4.75,UK,Tfl
07/10/2022,READING BUSES           READING,2.2,Reading,Reading Buses
07/10/2022,TFL TRAVEL CHARGE       TFL.GOV.UK/CP,7.85,UK,Tfl
07/10/2022,TRAINLINE.COM           LONDON,14.95,London,Trainline
05/10/2022,KINGS KITCHEN           READING,25.8,Reading,Other
05/10/2022,J D WETHERSPOON PLC     WATFORD,5.0,Watford,Wetherspoon
05/10/2022,J D WETHERSPOON PLC     WATFORD,5.0,Watford,Wetherspoon
05/10/2022,J D WETHERSPOON PLC     WATFORD,5.0,Watford,Wetherspoon
05/10/2022,J D WETHERSPOON PLC     WATFORD,6.4,Watford,Wetherspoon
05/10/2022,J D WETHERSPOON PLC     WATFORD,6.78,Watford,Wetherspoon
05/10/2022,J D WETHERSPOON PLC     WATFORD,7.29,Watford,Wetherspoon
05/10/2022,READING BUSES           READING,4.3,Reading,Reading Buses
04/10/2022,LIDL READING 0270       READING,3.58,Reading,Lidl
04/10/2022,GWR READING SST         READING,12.0,Reading,Other
04/10/2022,READING BUSES           READING,4.3,Reading,Reading Buses
03/10/2022,WIKIMEDIA 877 600 9454  SAN FRANCISCO,2.35,UK,Wikimedia
29/09/2022,READING BUSES           READING,4.3,Reading,Reading Buses
29/09/2022,TRAINLINE.COM           LONDON,10.8,London,Trainline
28/09/2022,READING BUSES           READING,4.3,Reading,Reading Buses
28/09/2022,TRAINLINE.COM           LONDON,10.8,London,Trainline
27/09/2022,READING BUSES           READING,4.3,Reading,Reading Buses
27/09/2022,TRAINLINE.COM           LONDON,10.8,London,Trainline
26/09/2022,APPLE.COM/BILL          HOLLYHILL,1.79,UK,Apple
26/09/2022,READING BUSES           READING,4.3,Reading,Reading Buses
26/09/2022,TRAINLINE.COM           LONDON,10.8,London,Trainline
25/09/2022,HTEMPESTGRADECOM HTEMPE NA,35.0,UK,Other
24/09/2022,READING BUSES           READING,4.3,Reading,Reading Buses
21/09/2022,TFL TRAVEL CHARGE       TFL.GOV.UK/CP,6.75,UK,Tfl
21/09/2022,TRAINLINE.COM           LONDON,14.95,London,Trainline
21/09/2022,READING BUSES           READING,4.3,Reading,Reading Buses
19/09/2022,TFL TRAVEL CHARGE       TFL.GOV.UK/CP,2.5,UK,Tfl
18/09/2022,SAINSBURY'S SUPERMARKET MANCHESTER,6.5,Manchester,Sainsbury'S
17/09/2022,READING BUSES           READING,2.2,Reading,Reading Buses
17/09/2022,TFL TRAVEL CHARGE       TFL.GOV.UK/CP,2.5,UK,Tfl
17/09/2022,TRAINLINE.COM           LONDON,21.1,London,Trainline
16/09/2022,MARKS AND SPENCER PADDI LONDON,1.05,London,Marks And Spencer
16/09/2022,READING BUSES           READING,4.3,Reading,Reading Buses
16/09/2022,TRAINLINE.COM           LONDON,14.05,London,Trainline
15/09/2022,J D WETHERSPOON PLC     WATFORD,3.02,Watford,Wetherspoon
15/09/2022,READING BUSES           READING,4.3,Reading,Reading Buses
15/09/2022,TRAINLINE.COM           LONDON,10.8,London,Trainline
14/09/2022,SAINSBURY'S SPRMRKTS LT LONDON,1.2,London,Sainsbury'S
14/09/2022,READING BUSES           READING,4.3,Reading,Reading Buses
14/09/2022,TFL TRAVEL CHARGE       TFL.GOV.UK/CP,7.5,UK,Tfl
14/09/2022,TRAINLINE.COM           LONDON,14.95,London,Trainline
11/09/2022,MCDONALDS               WELLING,1.88,Welling,Other
11/09/2022,READING BUSES           READING,2.2,Reading,Reading Buses
11/09/2022,SP WS GROOMER           BURGESS HILL,5.0,Burgess Hill,Other
11/09/2022,TRAINLINE.COM           LONDON,14.9,London,Trainline
11/09/2022,TFL TRAVEL CHARGE       TFL.GOV.UK/CP,4.25,UK,Tfl
11/09/2022,CINEWORLD               BRENTFORD,22.49,Brentford,Cineworld
10/09/2022,TFL TRAVEL CHARGE       TFL.GOV.UK/CP,1.65,UK,Tfl
10/09/2022,READING BUSES           READING,2.2,Reading,Reading Buses
10/09/2022,TFL TRAVEL CHARGE       TFL.GOV.UK/CP,4.25,UK,Tfl
10/09/2022,READING BUSES           READING,2.2,Reading,Reading Buses
10/09/2022,MCDONALDS SHAFTESBURY A LONDON,6.27,Shaftesbury,Other
10/09/2022,TRAINLINE.COM           LONDON,14.9,London,Trainline
09/09/2022,READING BUSES           READING,2.2,Reading,Reading Buses
09/09/2022,TRAINLINE.COM           LONDON,4.85,London,Trainline
08/09/2022,TRAINLINE.COM           LONDON,7.5,London,Trainline
08/09/2022,WLY*COMPLETESAVE.CO.UK  NYON,15.0,UK,Other
07/09/2022,TRAINLINE.COM           LONDON,10.8,London,Trainline
05/09/2022,MARKS & SPENCER - READI READING,30.1,Reading,Other
05/09/2022,READING BUSES           READING,4.3,Reading,Reading Buses
05/09/2022,SPORTS DIRECT           READING,15.0,Reading,Sports Direct
05/09/2022,WIKIMEDIA 877 600 9454  SAN FRANCISCO,2.35,UK,Wikimedia
05/09/2022,TK MAXX                 READING,76.98,Reading,Tk Maxx
03/09/2022,TRAINLINE.COM           LONDON,9.0,London,Trainline
03/09/2022,TFL TRAVEL CHARGE       TFL.GOV.UK/CP,11.0,UK,Tfl
03/09/2022,READING BUSES           READING,4.0,Reading,Reading Buses
30/08/2022,TRAINLINE.COM           LONDON,7.1,London,Trainline
28/08/2022,TFL TRAVEL CHARGE       TFL.GOV.UK/CP,5.1,UK,Tfl
28/08/2022,READING BUSES           READING,4.0,Reading,Reading Buses
28/08/2022,TRAINLINE.COM           LONDON,14.95,London,Trainline
27/08/2022,TRIP.COM                INTERNET,846.7,UK,Other
26/08/2022,APPLE.COM/BILL          HOLLYHILL,1.79,UK,Apple
25/08/2022,TESCO STORE 5528 5528TE READING,2.05,Reading,Tesco
24/08/2022,LIDL READING 0270       READING,7.57,Reading,Lidl
24/08/2022,*2CO.COM*DUOLINGO.COM  REDWOOD SHORES,43.03,UK,Other
23/08/2022,TRAINLINE.COM           LONDON,7.1,London,Trainline
20/08/2022,MCDONALDS               WELLING,3.38,Welling,Other
20/08/2022,TRAINLINE.COM           LONDON,13.95,London,Trainline
20/08/2022,TFL TRAVEL CHARGE       TFL.GOV.UK/CP,4.75,UK,Tfl
19/08/2022,APCOA PARKING UK LTD    UXBRIDGE,5.0,Uxbridge,Other
19/08/2022,TFL TRAVEL CHARGE       TFL.GOV.UK/CP,8.95,UK,Tfl
19/08/2022,J D WETHERSPOON PLC     WATFORD,3.45,Watford,Wetherspoon
17/08/2022,MCDONALD'S - READING 10 READING,2.98,Reading,Mcdonald'S
17/08/2022,TRAINLINE.COM           LONDON,7.1,London,Trainline
16/08/2022,TRAINLINE.COM           LONDON,7.1,London,Trainline
16/08/2022,THE BODY SHOP INTERNATI LITTLEHAMPTON,10.2,Littlehampton,Other
15/08/2022,TRAINLINE               EDINBURGH,20.0,Edinburgh,Trainline
13/08/2022,TRAINLINE.COM           LONDON,21.3,London,Trainline
13/08/2022,SAINSBURY'S             OXFORD,1.5,Oxford,Sainsbury'S
13/08/2022,MCDONALDS OXFORD        OXFORD,1.19,Oxford,Other
13/08/2022,PRIMARK READING BROAD S READING,1.5,Reading,Primark
12/08/2022,HOLLAND & BARRETT READI READING,5.98,Reading,Other
12/08/2022,POUNDLAND - 2211 READIN READING,14.5,Reading,Poundland
12/08/2022,PRIMARK READING BROAD S READING,50.0,Reading,Primark
12/08/2022,SUPERDRUG BROAD ST MALL READING,16.16,Reading,Other
12/08/2022,TESCO STORE 5528 5528TE READING,37.56,Reading,Tesco
12/08/2022,TK MAXX                 READING,89.16,Reading,Tk Maxx
12/08/2022,WILKINSON READING       READING,7.3,Reading,Other
11/08/2022,TRAINLINE               EDINBURGH,10.8,Edinburgh,Trainline
10/08/2022,TRAINLINE               EDINBURGH,10.8,Edinburgh,Trainline
09/08/2022,TRAINLINE.COM           LONDON,7.5,London,Trainline
09/08/2022,TRAINLINE.COM           LONDON,9.9,London,Trainline
08/08/2022,AMZNMKTPLACE            AMAZON.CO.UK,13.98,UK,Amznmktplace
07/08/2022,MCDONALDS CAMBRIDGE CIR LONDON,13.83,Cambridge,Other
07/08/2022,TESCO STORE 6186 6186TE WEMBLEY,3.35,Wembley,Tesco
07/08/2022,TFL TRAVEL CHARGE       TFL.GOV.UK/CP,11.0,UK,Tfl
06/08/2022,TESCO STORE 6186 6186TE WEMBLEY,11.15,Wembley,Tesco
06/08/2022,TFL TRAVEL CHARGE       TFL.GOV.UK/CP,6.2,UK,Tfl
05/08/2022,TRAINLINE.COM           LONDON,63.3,London,Trainline
05/08/2022,TFL TRAVEL CHARGE       TFL.GOV.UK/CP,6.8,UK,Tfl
05/08/2022,TESCO STORE 2632 2632TE GREENFORD,4.25,Greenford,Tesco
04/08/2022,MADAME TUSSAUDS LONDON  LONDON,210.0,London,Other
04/08/2022,MCDONALD'S - READING 10 READING,3.59,Reading,Mcdonald'S
04/08/2022,PRIMARK READING BROAD S READING,16.2,Reading,Primark
04/08/2022,TRAINLINE.COM           LONDON,7.5,London,Trainline
03/08/2022,WIKIMEDIA 877 600 9454  SAN FRANCISCO,2.35,UK,Wikimedia
03/08/2022,SWRAILWAY FELTHAM SELFS FELTHAM,16.9,Feltham,Other
03/08/2022,TESCO STORE 5528 5528TE READING,50.99,Reading,Tesco
02/08/2022,TFL TRAVEL CHARGE       TFL.GOV.UK/CP,4.95,UK,Tfl
02/08/2022,TK MAXX                 HOUNSLOW,46.99,UK,Tk Maxx
01/08/2022,ALDI FELTHAM 781045     FELTHAM,5.67,Feltham,Other
01/08/2022,ASDA STORES             FELTHAM,3.5,Feltham,Asda
01/08/2022,ASDA STORES             FELTHAM,5.99,Feltham,Asda
01/08/2022,ASDA STORES             FELTHAM,13.93,Feltham,Asda
31/07/2022,TFL TRAVEL CHARGE       TFL.GOV.UK/CP,4.5,UK,Tfl
29/07/2022,TFL TRAVEL CHARGE       TFL.GOV.UK/CP,4.5,UK,Tfl
28/07/2022,TFL TRAVEL CHARGE       TFL.GOV.UK/CP,4.5,UK,Tfl
28/07/2022,TIM HORTONS             GLASGOW,12.54,Glasgow,Tim Hortons
28/07/2022,SAINSBURY'S SUPERMARKET GLASGOW,13.35,Glasgow,Sainsbury'S
27/07/2022,A.G. RESTAURANTS LTD    GLASGOW,8.74,Glasgow,Other
27/07/2022,TESCO STORE 5670 5670TE EDINBURGH,6.2,Edinburgh,Tesco
26/07/2022,APPLE.COM/BILL          HOLLYHILL,1.79,UK,Apple
26/07/2022,ASDA STORES             FELTHAM,5.7,Feltham,Asda
26/07/2022,ASDA STORES             FELTHAM,5.99,Feltham,Asda
26/07/2022,TFL TRAVEL CHARGE       TFL.GOV.UK/CP,5.8,UK,Tfl
26/07/2022,TRAINLINE.COM           LONDON,69.49,London,Trainline
25/07/2022,ASDA STORES             FELTHAM,3.5,Feltham,Asda
25/07/2022,ASDA STORES             FELTHAM,10.07,Feltham,Asda
24/07/2022,MCDONALD'S FELTHAM      FELTHAM      ,2.98,Feltham,Mcdonald'S
24/07/2022,TFL TRAVEL CHARGE       TFL.GOV.UK/CP,3.3,UK,Tfl
23/07/2022,MCDONALD'S HIGH ROAD    WEMBLEY,8.65,Wembley,Mcdonald'S
23/07/2022,TFL TRAVEL CHARGE       TFL.GOV.UK/CP,6.9,UK,Tfl
23/07/2022,J D WETHERSPOON PLC     WATFORD,8.9,Watford,Wetherspoon
23/07/2022,J D WETHERSPOON PLC     WATFORD,3.65,Watford,Wetherspoon
23/07/2022,3CPAYMENT*WELCOME BREAK FLEET,7.6,Fleet,Other
22/07/2022,TFL TRAVEL CHARGE       TFL.GOV.UK/CP,13.45,UK,Tfl
21/07/2022,ASDA STORES             FELTHAM,3.05,Feltham,Asda
21/07/2022,ASDA STORES             FELTHAM,3.95,Feltham,Asda
21/07/2022,TESCO STORE 2239 2239TE LONDON,2.45,London,Tesco
21/07/2022,TFL TRAVEL CHARGE       TFL.GOV.UK/CP,13.95,UK,Tfl
20/07/2022,ASDA STORES             FELTHAM,17.75,Feltham,Asda
20/07/2022,SWRAILWAY FELTHAM SELFS FELTHAM,15.6,Feltham,Other
19/07/2022,ASDA STORES             FELTHAM,19.19,Feltham,Asda
19/07/2022,MCDONALD'S FELTHAM      FELTHAM      ,1.59,Feltham,Mcdonald'S
19/07/2022,TRAINLINE               EDINBURGH,237.59,Edinburgh,Trainline
18/07/2022,ASDA STORES             FELTHAM,4.78,Feltham,Asda
18/07/2022,ASDA STORES             FELTHAM,6.45,Feltham,Asda
18/07/2022,TFL TRAVEL CHARGE       TFL.GOV.UK/CP,3.3,UK,Tfl
17/07/2022,TFL TRAVEL CHARGE       TFL.GOV.UK/CP,4.95,UK,Tfl
17/07/2022,MOMOMIALONDON LTD       London,13.0,London,Other
17/07/2022,TK MAXX                 HOUNSLOW,57.98,UK,Tk Maxx
17/07/2022,BOOTS THE CHEMIST       HOUNSLOW,14.95,UK,Boots
17/07/2022,MOMOMIALONDON LTD       London,2.0,London,Other
16/07/2022,TESCO STORE 3093 3093TE LONDON,4.2,London,Tesco
16/07/2022,TFL TRAVEL CHARGE       TFL.GOV.UK/CP,11.5,UK,Tfl
16/07/2022,ASDA STORES             FELTHAM,19.54,Feltham,Asda
15/07/2022,UBER TRIP               SAN FRANCISCO,2.0,UK,Uber
15/07/2022,TFL TRAVEL CHARGE       TFL.GOV.UK/CP,1.65,UK,Tfl
15/07/2022,UBER TRIP               SAN FRANCISCO,29.56,UK,Uber
14/07/2022,ASDA STORES             FELTHAM,9.44,Feltham,Asda
14/07/2022,SWRAILWAY FELTHAM SELFS FELTHAM,16.9,Feltham,Other
13/07/2022,SWRAILWAY FELTHAM SELFS FELTHAM,16.9,Feltham,Other
12/07/2022,SWRAILWAY FELTHAM SELFS FELTHAM,16.9,Feltham,Other
12/07/2022,TFL TRAVEL CHARGE       TFL.GOV.UK/CP,4.5,UK,Tfl
11/07/2022,TFL TRAVEL CHARGE       TFL.GOV.UK/CP,4.5,UK,Tfl
11/07/2022,MCDONALD'S FELTHAM      FELTHAM      ,2.98,Feltham,Mcdonald'S
07/07/2022,MCDONALD'S FELTHAM      FELTHAM      ,3.97,Feltham,Mcdonald'S
07/07/2022,SWRAILWAY FELTHAM SELFS FELTHAM,16.9,Feltham,Other
05/07/2022,MCDONALD'S FELTHAM      FELTHAM      ,1.99,Feltham,Mcdonald'S
05/07/2022,SWRAILWAY FELTHAM SELFS FELTHAM,16.9,Feltham,Other
04/07/2022,WIKIMEDIA 877 600 9454  SAN FRANCISCO,2.35,UK,Wikimedia
04/07/2022,TFL TRAVEL CHARGE       TFL.GOV.UK/CP,10.5,UK,Tfl
03/07/2022,MCDONALD'S FELTHAM      FELTHAM      ,0.99,Feltham,Mcdonald'S
02/07/2022,TFL TRAVEL CHARGE       TFL.GOV.UK/CP,3.3,UK,Tfl
01/07/2022,TFL TRAVEL CHARGE       TFL.GOV.UK/CP,11.8,UK,Tfl
01/07/2022,MCDONALD'S FELTHAM      FELTHAM      ,1.99,Feltham,Mcdonald'S
30/06/2022,MCDONALD'S FELTHAM      FELTHAM      ,2.98,Feltham,Mcdonald'S
29/06/2022,EMIRATES WWW.EXPEDIA.CO UNITED KINGDOM,509.4,UK,Emirates
29/06/2022,SWRAILWAY FELTHAM SELFS FELTHAM,16.9,Feltham,Other
29/06/2022,EMIRATES WWW.EXPEDIA.CO UNITED KINGDOM,509.4,UK,Emirates
29/06/2022,QATAR AIRWAYS WWW.EXPED UNITED KINGDOM,451.26,UK,Qatar Airways
29/06/2022,QATAR AIRWAYS WWW.EXPED UNITED KINGDOM,451.26,UK,Qatar Airways
28/06/2022,MCDONALD'S FELTHAM      FELTHAM      ,3.98,Feltham,Mcdonald'S
28/06/2022,SWRAILWAY FELTHAM SELFS FELTHAM,16.9,Feltham,Other
26/06/2022,APPLE.COM/BILL          HOLLYHILL,1.79,UK,Apple
26/06/2022,ASDA STORES             FELTHAM,22.35,Feltham,Asda
25/06/2022,TK MAXX                 HOUNSLOW,17.19,UK,Tk Maxx
25/06/2022,TFL TRAVEL CHARGE       TFL.GOV.UK/CP,4.25,UK,Tfl
25/06/2022,MOMOMIALONDON LTD       London,6.95,London,Other
25/06/2022,DOMINOS FELTHAM         FELTHAM,2.0,Feltham,Other
25/06/2022,ASDA STORES             FELTHAM,5.2,Feltham,Asda
25/06/2022,ASDA STORES             FELTHAM,4.0,Feltham,Asda
24/06/2022,MCDONALD'S FELTHAM      FELTHAM      ,2.98,Feltham,Mcdonald'S
22/06/2022,SWRAILWAY FELTHAM SELFS FELTHAM,16.9,Feltham,Other
19/06/2022,ASDA STORES             FELTHAM,5.54,Feltham,Asda
19/06/2022,INTEREST CHARGE,13.75,UK,Other
19/06/2022,MCDONALDS               WELLING,1.98,Welling,Other
19/06/2022,TFL TRAVEL CHARGE       TFL.GOV.UK/CP,9.65,UK,Tfl
18/06/2022,TFL TRAVEL CHARGE       TFL.GOV.UK/CP,4.5,UK,Tfl
17/06/2022,TESCO STORE 6091 6091TE RUISLIP,11.55,Ruislip,Tesco
17/06/2022,TFL TRAVEL CHARGE       TFL.GOV.UK/CP,6.85,UK,Tfl
16/06/2022,MCDONALD'S FELTHAM      FELTHAM      ,3.97,Feltham,Mcdonald'S
16/06/2022,SWRAILWAY FELTHAM SELFS FELTHAM,16.9,Feltham,Other
15/06/2022,ASDA STORES             FELTHAM,6.99,Feltham,Asda
15/06/2022,SWRAILWAY FELTHAM SELFS FELTHAM,16.9,Feltham,Other
11/06/2022,ASDA STORES             FELTHAM,6.99,Feltham,Asda
10/06/2022,TESCO STORE 4460 4460TE WINDSOR,4.4,Windsor,Tesco
10/06/2022,TESCO STORE 4460 4460TE WINDSOR,5.2,Windsor,Tesco
10/06/2022,SWRAILWAY FELTHAM SELFS FELTHAM,8.4,Feltham,Other
08/06/2022,ASDA STORES             FELTHAM,9.99,Feltham,Asda
08/06/2022,MCDONALD'S FELTHAM      FELTHAM      ,3.28,Feltham,Mcdonald'S
08/06/2022,SWRAILWAY FELTHAM SELFS FELTHAM,16.9,Feltham,Other
07/06/2022,MCDONALD'S FELTHAM      FELTHAM      ,1.99,Feltham,Mcdonald'S
07/06/2022,SWRAILWAY FELTHAM SELFS FELTHAM,16.9,Feltham,Other
06/06/2022,ASDA STORES             FELTHAM,20.09,Feltham,Asda
04/06/2022,NIKEPOS_UK              LONDON,58.45,London,Other
04/06/2022,TFL TRAVEL CHARGE       TFL.GOV.UK/CP,9.35,UK,Tfl
04/06/2022,J D WETHERSPOON PLC     WATFORD,7.55,Watford,Wetherspoon
04/06/2022,ADIDAS LONDON FO        LONDON,39.2,London,Other
04/06/2022,J D WETHERSPOON PLC     WATFORD,1.99,Watford,Wetherspoon
04/06/2022,J D WETHERSPOON PLC     WATFORD,1.99,Watford,Wetherspoon
03/06/2022,WIKIMEDIA 877 600 9454  SAN FRANCISCO,2.35,UK,Wikimedia
03/06/2022,MCDONALD'S FELTHAM      FELTHAM      ,1.99,Feltham,Mcdonald'S
03/06/2022,SHELL BUDGENS BELLEGROV WELLING,5.99,Welling,Other
03/06/2022,TESCO STORE 6434 6434TE WELLING,11.14,Welling,Tesco
03/06/2022,TFL TRAVEL CHARGE       TFL.GOV.UK/CP,12.4,UK,Tfl
02/06/2022,TFL TRAVEL CHARGE       TFL.GOV.UK/CP,10.55,UK,Tfl
02/06/2022,TK MAXX 357             CAMBRIDGE,19.99,Cambridge,Tk Maxx
01/06/2022,MCDONALDS               LONDON,3.28,London,Other
01/06/2022,TESCO STORE 3093 3093TE LONDON,5.0,London,Tesco
01/06/2022,TFL TRAVEL CHARGE       TFL.GOV.UK/CP,9.0,UK,Tfl
01/06/2022,TRAINLINE               EDINBURGH,21.39,Edinburgh,Trainline
31/05/2022,SWRAILWAY FELTHAM SELFS FELTHAM,16.9,Feltham,Other
30/05/2022,SWRAILWAY FELTHAM SELFS FELTHAM,16.9,Feltham,Other
30/05/2022,ASDA STORES             FELTHAM,6.99,Feltham,Asda
27/05/2022,ASDA STORES             FELTHAM,16.53,Feltham,Asda
26/05/2022,APPLE.COM/BILL          HOLLYHILL,1.79,UK,Apple
26/05/2022,DELIVEROO               LONDON,6.57,London,Deliveroo
25/05/2022,ASDA STORES             FELTHAM,13.19,Feltham,Asda
25/05/2022,SWRAILWAY FELTHAM SELFS FELTHAM,16.9,Feltham,Other
24/05/2022,INTEREST CHARGE,11.79,UK,Other
24/05/2022,ASDA STORES             FELTHAM,6.99,Feltham,Asda
24/05/2022,MCDONALD'S FELTHAM      FELTHAM      ,2.98,Feltham,Mcdonald'S
24/05/2022,SWRAILWAY FELTHAM SELFS FELTHAM,16.9,Feltham,Other
24/05/2022,TFL TRAVEL CHARGE       TFL.GOV.UK/CP,1.65,UK,Tfl
23/05/2022,MCDONALD'S FELTHAM      FELTHAM      ,4.97,Feltham,Mcdonald'S
23/05/2022,SWRAILWAY FELTHAM SELFS FELTHAM,16.9,Feltham,Other
22/05/2022,TFL TRAVEL CHARGE       TFL.GOV.UK/CP,6.65,UK,Tfl
22/05/2022,MCDONALDS               WELLING,5.18,Welling,Other
22/05/2022,ASDA STORES             FELTHAM,7.19,Feltham,Asda
21/05/2022,TFL TRAVEL CHARGE       TFL.GOV.UK/CP,8.25,UK,Tfl
19/05/2022,ASDA STORES             FELTHAM,6.99,Feltham,Asda
19/05/2022,ASDA STORES             FELTHAM,11.2,Feltham,Asda
19/05/2022,INTEREST CHARGE,25.95,UK,Other
18/05/2022,SWRAILWAY FELTHAM SELFS FELTHAM,16.9,Feltham,Other
17/05/2022,SWRAILWAY FELTHAM SELFS FELTHAM,16.9,Feltham,Other
16/05/2022,TESCO STORE 2334 2334TE CAMBERLEY,6.99,Camberley,Tesco
16/05/2022,SWRAILWAY FELTHAM SELFS FELTHAM,16.9,Feltham,Other
13/05/2022,ASDA STORES             FELTHAM,7.5,Feltham,Asda
12/05/2022,TFL TRAVEL CHARGE       TFL.GOV.UK/CP,3.3,UK,Tfl
11/05/2022,MCDONALDS               WELLING,1.98,Welling,Other
11/05/2022,STONEHENGE              AMESBURY,44.4,Amesbury,Other
11/05/2022,TFL TRAVEL CHARGE       TFL.GOV.UK/CP,13.9,UK,Tfl
10/05/2022,UKVI UKVI               LONDON,107.52,London,Other
10/05/2022,TFL TRAVEL CHARGE       TFL.GOV.UK/CP,4.35,UK,Tfl
10/05/2022,UKVI UKVI               LONDON,107.52,London,Other
09/05/2022,DAVE PADMORE-MCDONALDS( EASTBOURNE,5.27,Eastbourne,Other
09/05/2022,TFL TRAVEL CHARGE       TFL.GOV.UK/CP,10.6,UK,Tfl
09/05/2022,ASDA STORES             FELTHAM,2.83,Feltham,Asda
08/05/2022,ASDA STORES             FELTHAM,12.75,Feltham,Asda
08/05/2022,TFL TRAVEL CHARGE       TFL.GOV.UK/CP,3.3,UK,Tfl
07/05/2022,MCDONALD'S FELTHAM      FELTHAM      ,3.98,Feltham,Mcdonald'S
07/05/2022,MCDONALDS               WELLING,4.27,Welling,Other
07/05/2022,TFL TRAVEL CHARGE       TFL.GOV.UK/CP,4.5,UK,Tfl
06/05/2022,ASDA STORES             FELTHAM,4.2,Feltham,Asda
06/05/2022,ASDA STORES             FELTHAM,2.49,Feltham,Asda
06/05/2022,TFL TRAVEL CHARGE       TFL.GOV.UK/CP,4.5,UK,Tfl
05/05/2022,ASDA STORES             FELTHAM,16.51,Feltham,Asda
04/05/2022,ASDA STORES             FELTHAM,1.2,Feltham,Asda
04/05/2022,MCDONALD'S FELTHAM      FELTHAM      ,3.28,Feltham,Mcdonald'S
04/05/2022,MOMOMIALONDON LTD       London,6.95,London,Other
04/05/2022,PRIMARK HOUNSLOW        HOUNSLOW,10.0,UK,Primark
04/05/2022,TESCO STORE 6014 6014TE HOUNSLOW,7.59,UK,Tesco
04/05/2022,TFL TRAVEL CHARGE       TFL.GOV.UK/CP,3.3,UK,Tfl
03/05/2022,WIKIMEDIA 877 600 9454  SAN FRANCISCO,2.35,UK,Wikimedia
02/05/2022,ASDA STORES             FELTHAM,6.99,Feltham,Asda
02/05/2022,MCDONALD'S FELTHAM      FELTHAM      ,4.97,Feltham,Mcdonald'S
01/05/2022,UBER EATS               SAN FRANCISCO,13.74,UK,Uber
29/04/2022,ASDA STORES             FELTHAM,18.33,Feltham,Asda
29/04/2022,ASDA STORES             FELTHAM,4.49,Feltham,Asda
29/04/2022,DAYFRESH                LONDON,5.5,London,Dayfresh
29/04/2022,ASDA STORES             FELTHAM,6.99,Feltham,Asda
29/04/2022,TFL TRAVEL CHARGE       TFL.GOV.UK/CP,8.4,UK,Tfl
28/04/2022,DAYFRESH                LONDON,5.5,London,Dayfresh
28/04/2022,TFL TRAVEL CHARGE       TFL.GOV.UK/CP,8.4,UK,Tfl
27/04/2022,ASDA STORES             FELTHAM,3.99,Feltham,Asda
27/04/2022,CO-OP - CHISWICK HIGH R LONDON,2.5,Chiswick,Co-Op
27/04/2022,DAYFRESH                LONDON,5.5,London,Dayfresh
27/04/2022,TFL TRAVEL CHARGE       TFL.GOV.UK/CP,6.2,UK,Tfl
26/04/2022,TFL TRAVEL CHARGE       TFL.GOV.UK/CP,5.85,UK,Tfl
26/04/2022,DAYFRESH                LONDON,5.5,London,Dayfresh
26/04/2022,APPLE.COM/BILL          HOLLYHILL,1.79,UK,Apple
25/04/2022,CO-OP - CHISWICK HIGH R LONDON,1.8,Chiswick,Co-Op
25/04/2022,CO-OP - CHISWICK HIGH R LONDON,6.79,Chiswick,Co-Op
25/04/2022,TFL TRAVEL CHARGE       TFL.GOV.UK/CP,5.85,UK,Tfl
24/04/2022,INTEREST CHARGE,12.19,UK,Other
23/04/2022,MCDONALDS               WELLING,2.68,Welling,Other
23/04/2022,TFL TRAVEL CHARGE       TFL.GOV.UK/CP,5.0,UK,Tfl
22/04/2022,ASDA STORES             FELTHAM,10.1,Feltham,Asda
22/04/2022,DAYFRESH                LONDON,5.5,London,Dayfresh
22/04/2022,TFL TRAVEL CHARGE       TFL.GOV.UK/CP,10.35,UK,Tfl
21/04/2022,DAYFRESH                LONDON,5.5,London,Dayfresh
21/04/2022,TFL TRAVEL CHARGE       TFL.GOV.UK/CP,5.85,UK,Tfl
20/04/2022,DAYFRESH                LONDON,5.5,London,Dayfresh
20/04/2022,TFL TRAVEL CHARGE       TFL.GOV.UK/CP,5.85,UK,Tfl
20/04/2022,CO-OP - CHISWICK HIGH R LONDON,6.79,Chiswick,Co-Op
19/04/2022,AMZNMKTPLACE            AMAZON.CO.UK,17.99,UK,Amznmktplace
19/04/2022,DAYFRESH                LONDON,5.5,London,Dayfresh
19/04/2022,TFL TRAVEL CHARGE       TFL.GOV.UK/CP,5.85,UK,Tfl
18/04/2022,MCDONALD'S FELTHAM      FELTHAM      ,4.87,Feltham,Mcdonald'S
18/04/2022,TFL TRAVEL CHARGE       TFL.GOV.UK/CP,6.0,UK,Tfl
17/04/2022,SAINSBURY'S SUPERMARKET GLASGOW,3.75,Glasgow,Sainsbury'S
17/04/2022,SUMUP*THE LADY AND THE  EDINBURGH,17.2,Edinburgh,Other
16/04/2022,WHYNOT NIGHTCLUB        EDINBURGH,24.5,Edinburgh,Other
16/04/2022,WHISKY AND WINE 2 17 NO EDINBURGH,9.99,Edinburgh,Other
16/04/2022,NAMASTE KATHMANDU       EDINBURGH,39.8,Edinburgh,Other
16/04/2022,"LUMO. TRAVEL WELL, BEYO Newcastle-upon-",9.15,Well,Other
16/04/2022,3CPAYMENT*PRET A MANGER LONDON,15.3,London,Pret
15/04/2022,TFL TRAVEL CHARGE       TFL.GOV.UK/CP,1.65,UK,Tfl
15/04/2022,TFL TRAVEL CHARGE       TFL.GOV.UK/CP,6.0,UK,Tfl
14/04/2022,ASDA STORES             FELTHAM,3.2,Feltham,Asda
14/04/2022,MCDONALD'S - BROMPTON R LONDON,5.05,Brompton,Mcdonald'S
14/04/2022,ASDA STORES             FELTHAM,5.34,Feltham,Asda
14/04/2022,TFL TRAVEL CHARGE       TFL.GOV.UK/CP,14.1,UK,Tfl
12/04/2022,ASDA STORES             FELTHAM,6.99,Feltham,Asda
12/04/2022,CO-OP - CHISWICK HIGH R LONDON,4.6,Chiswick,Co-Op
12/04/2022,ASDA STORES             FELTHAM,10.75,Feltham,Asda
12/04/2022,TFL TRAVEL CHARGE       TFL.GOV.UK/CP,8.4,UK,Tfl
12/04/2022,MCDONALD'S FELTHAM      FELTHAM      ,7.06,Feltham,Mcdonald'S
11/04/2022,TFL TRAVEL CHARGE       TFL.GOV.UK/CP,4.6,UK,Tfl
11/04/2022,TFL TRAVEL CHARGE       TFL.GOV.UK/CP,1.65,UK,Tfl
11/04/2022,DAYFRESH                LONDON,6.89,London,Dayfresh
10/04/2022,HOTEL ON BOOKING.COM    AMSTERDAM,90.0,UK,Other
10/04/2022,ASDA STORES             FELTHAM,4.7,Feltham,Asda
10/04/2022,TFL TRAVEL CHARGE       TFL.GOV.UK/CP,6.7,UK,Tfl
08/04/2022,ASDA STORES             FELTHAM,6.99,Feltham,Asda
08/04/2022,UBER EATS               SAN FRANCISCO,5.98,UK,Uber
07/04/2022,CO-OP - CHISWICK HIGH R LONDON,3.45,Chiswick,Co-Op
07/04/2022,TFL TRAVEL CHARGE       TFL.GOV.UK/CP,5.85,UK,Tfl
06/04/2022,ASDA STORES             FELTHAM,23.19,Feltham,Asda
06/04/2022,APPLE.COM/BILL          HOLLYHILL,4.49,UK,Apple
06/04/2022,TFL TRAVEL CHARGE       TFL.GOV.UK/CP,4.75,UK,Tfl
06/04/2022,TALK360 - TALK360 GROUP LEUSDEN,5.0,UK,Other
05/04/2022,CO-OP - CHISWICK HIGH R LONDON,1.65,Chiswick,Co-Op
05/04/2022,DAYFRESH                LONDON,5.5,London,Dayfresh
05/04/2022,TFL TRAVEL CHARGE       TFL.GOV.UK/CP,5.85,UK,Tfl
04/04/2022,TFL TRAVEL CHARGE       TFL.GOV.UK/CP,8.4,UK,Tfl
04/04/2022,WIKIMEDIA 877 600 9454  SAN FRANCISCO,2.35,UK,Wikimedia
04/04/2022,MCDONALD'S FELTHAM      FELTHAM      ,2.98,Feltham,Mcdonald'S
04/04/2022,CO-OP - CHISWICK HIGH R LONDON,1.66,Chiswick,Co-Op
03/04/2022,IHS169516352PA02 2022-0 IMM HEALTH SURC,1248.0,UK,Other
03/04/2022,TSHIRT STUDIO           SWINDON,15.0,Swindon,Other
02/04/2022,ASDA STORES             FELTHAM,6.99,Feltham,Asda
02/04/2022,ASDA STORES             FELTHAM,7.19,Feltham,Asda
02/04/2022,UBER EATS               SAN FRANCISCO,12.99,UK,Uber
01/04/2022,ASDA STORES             FELTHAM,6.58,Feltham,Asda
01/04/2022,CO-OP - CHISWICK HIGH R LONDON,1.95,Chiswick,Co-Op
01/04/2022,MCDONALD'S FELTHAM      FELTHAM      ,4.87,Feltham,Mcdonald'S
01/04/2022,TFL TRAVEL CHARGE       TFL.GOV.UK/CP,5.85,UK,Tfl
01/04/2022,TRAINLINE.COM           LONDON,73.2,London,Trainline
31/03/2022,CO-OP - CHISWICK HIGH R LONDON,3.75,Chiswick,Co-Op
31/03/2022,TFL TRAVEL CHARGE       TFL.GOV.UK/CP,5.85,UK,Tfl
30/03/2022,CO-OP - CHISWICK HIGH R LONDON,1.7,Chiswick,Co-Op
30/03/2022,ASDA STORES             FELTHAM,8.22,Feltham,Asda
30/03/2022,TFL TRAVEL CHARGE       TFL.GOV.UK/CP,5.85,UK,Tfl
29/03/2022,LIDL LON FELTHAM 0058   FELTHAM,21.65,Feltham,Lidl
29/03/2022,TFL TRAVEL CHARGE       TFL.GOV.UK/CP,5.85,UK,Tfl
29/03/2022,CO-OP - CHISWICK HIGH R LONDON,3.4,Chiswick,Co-Op
28/03/2022,APPLE.COM/BILL          HOLLYHILL,29.99,UK,Apple
28/03/2022,ASDA STORES             FELTHAM,4.59,Feltham,Asda
28/03/2022,DAYFRESH                LONDON,6.45,London,Dayfresh
28/03/2022,TFL TRAVEL CHARGE       TFL.GOV.UK/CP,5.85,UK,Tfl
26/03/2022,TFL TRAVEL CHARGE       TFL.GOV.UK/CP,7.2,UK,Tfl
26/03/2022,APPLE.COM/BILL          HOLLYHILL,1.79,UK,Apple
26/03/2022,MCDONALD'S FELTHAM      FELTHAM      ,4.87,Feltham,Mcdonald'S
26/03/2022,UBER EATS               SAN FRANCISCO,12.28,UK,Uber
25/03/2022,TFL TRAVEL CHARGE       TFL.GOV.UK/CP,4.5,UK,Tfl
25/03/2022,ASDA STORES             FELTHAM,12.4,Feltham,Asda
25/03/2022,CO-OP - CHISWICK HIGH R LONDON,4.75,Chiswick,Co-Op
25/03/2022,TFL TRAVEL CHARGE       TFL.GOV.UK/CP,5.85,UK,Tfl
24/03/2022,TFL TRAVEL CHARGE       TFL.GOV.UK/CP,5.85,UK,Tfl
24/03/2022,INTEREST CHARGE,12.33,UK,Other
24/03/2022,HYDERABAD EXPRESS LTD   Feltham,3.5,Feltham,Other
24/03/2022,CO-OP - CHISWICK HIGH R LONDON,1.7,Chiswick,Co-Op
24/03/2022,ASDA STORES             FELTHAM,20.43,Feltham,Asda
23/03/2022,MCDONALD'S FELTHAM      FELTHAM      ,4.77,Feltham,Mcdonald'S
23/03/2022,TFL TRAVEL CHARGE       TFL.GOV.UK/CP,12.05,UK,Tfl
22/03/2022,CO-OP - CHISWICK HIGH R LONDON,3.75,Chiswick,Co-Op
22/03/2022,TFL TRAVEL CHARGE       TFL.GOV.UK/CP,5.85,UK,Tfl
21/03/2022,CO-OP - CHISWICK HIGH R LONDON,3.75,Chiswick,Co-Op
21/03/2022,TFL TRAVEL CHARGE       TFL.GOV.UK/CP,5.85,UK,Tfl
20/03/2022,DOMINOS FELTHAM         FELTHAM,4.0,Feltham,Other
20/03/2022,LIDL LON FELTHAM 0058   FELTHAM,0.2,Feltham,Lidl
20/03/2022,LIDL LON FELTHAM 0058   FELTHAM,5.07,Feltham,Lidl
19/03/2022,TFL TRAVEL CHARGE       TFL.GOV.UK/CP,5.85,UK,Tfl
19/03/2022,MCDONALDS               WELLING,3.58,Welling,Other
19/03/2022,"H&M BEXLEYHEATH GB725   BEXLEYHEATH, KE",22.18,Bexleyheath,Other
19/03/2022,MCDONALD'S FELTHAM      FELTHAM      ,2.88,Feltham,Mcdonald'S
18/03/2022,ASDA STORES             FELTHAM,11.4,Feltham,Asda
18/03/2022,CO-OP - CHISWICK HIGH R LONDON,1.75,Chiswick,Co-Op
18/03/2022,DAYFRESH                LONDON,5.5,London,Dayfresh
18/03/2022,TFL TRAVEL CHARGE       TFL.GOV.UK/CP,12.9,UK,Tfl
17/03/2022,CO-OP - CHISWICK HIGH R LONDON,3.55,Chiswick,Co-Op
17/03/2022,TFL TRAVEL CHARGE       TFL.GOV.UK/CP,5.85,UK,Tfl
16/03/2022,CO-OP - CHISWICK HIGH R LONDON,2.35,Chiswick,Co-Op
16/03/2022,TFL TRAVEL CHARGE       TFL.GOV.UK/CP,7.5,UK,Tfl
15/03/2022,TFL TRAVEL CHARGE       TFL.GOV.UK/CP,5.85,UK,Tfl
15/03/2022,CO-OP - CHISWICK HIGH R LONDON,3.35,Chiswick,Co-Op
14/03/2022,TFL TRAVEL CHARGE       TFL.GOV.UK/CP,5.85,UK,Tfl
14/03/2022,ASDA STORES             FELTHAM,6.8,Feltham,Asda
14/03/2022,DAYFRESH                LONDON,6.45,London,Dayfresh
13/03/2022,ASDA STORES             FELTHAM,6.99,Feltham,Asda
13/03/2022,ASDA STORES             FELTHAM,21.51,Feltham,Asda
13/03/2022,MCDONALD'S FELTHAM      FELTHAM      ,4.77,Feltham,Mcdonald'S
13/03/2022,SPECSAVERS OPTICIANS    FELTHAM,99.0,Feltham,Specsavers
12/03/2022,DELIVEROO               LONDON,6.87,London,Deliveroo
11/03/2022,MCDONALDS               LONDON,5.27,London,Other
11/03/2022,TFL TRAVEL CHARGE       TFL.GOV.UK/CP,14.1,UK,Tfl
11/03/2022,CO-OP - CHISWICK HIGH R LONDON,3.75,Chiswick,Co-Op
10/03/2022,TFL TRAVEL CHARGE       TFL.GOV.UK/CP,5.85,UK,Tfl
10/03/2022,CO-OP - CHISWICK HIGH R LONDON,4.5,Chiswick,Co-Op
10/03/2022,CO-OP - CHISWICK HIGH R LONDON,11.3,Chiswick,Co-Op
09/03/2022,CO-OP - CHISWICK HIGH R LONDON,3.75,Chiswick,Co-Op
09/03/2022,MCDONALD'S FELTHAM      FELTHAM      ,2.88,Feltham,Mcdonald'S
09/03/2022,TFL TRAVEL CHARGE       TFL.GOV.UK/CP,5.85,UK,Tfl
08/03/2022,CO-OP - CHISWICK HIGH R LONDON,1.75,Chiswick,Co-Op
08/03/2022,DAYFRESH                LONDON,5.5,London,Dayfresh
08/03/2022,MCDONALD'S FELTHAM      FELTHAM      ,2.88,Feltham,Mcdonald'S
08/03/2022,TFL TRAVEL CHARGE       TFL.GOV.UK/CP,5.85,UK,Tfl
07/03/2022,ASDA STORES             FELTHAM,7.09,Feltham,Asda
07/03/2022,CO-OP - CHISWICK HIGH R LONDON,2.75,Chiswick,Co-Op
07/03/2022,TFL TRAVEL CHARGE       TFL.GOV.UK/CP,5.85,UK,Tfl
06/03/2022,TFL TRAVEL CHARGE       TFL.GOV.UK/CP,3.55,UK,Tfl
05/03/2022,TFL TRAVEL CHARGE       TFL.GOV.UK/CP,5.05,UK,Tfl
04/03/2022,CO-OP - CHISWICK HIGH R LONDON,3.75,Chiswick,Co-Op
04/03/2022,TFL TRAVEL CHARGE       TFL.GOV.UK/CP,5.85,UK,Tfl
04/03/2022,TRAINLINE.COM           LONDON,21.0,London,Trainline
04/03/2022,UBER EATS               SAN FRANCISCO,2.32,UK,Uber
03/03/2022,ASDA STORES             FELTHAM,4.0,Feltham,Asda
03/03/2022,ASDA STORES             FELTHAM,11.0,Feltham,Asda
03/03/2022,CO-OP - CHISWICK HIGH R LONDON,1.75,Chiswick,Co-Op
03/03/2022,DAYFRESH                LONDON,5.5,London,Dayfresh
03/03/2022,MCDONALD'S FELTHAM      FELTHAM      ,1.99,Feltham,Mcdonald'S
03/03/2022,TFL TRAVEL CHARGE       TFL.GOV.UK/CP,8.4,UK,Tfl
02/03/2022,WIKIMEDIA 877 600 9454  SAN FRANCISCO,2.35,UK,Wikimedia
02/03/2022,DAYFRESH                LONDON,6.45,London,Dayfresh
02/03/2022,TFL TRAVEL CHARGE       TFL.GOV.UK/CP,13.0,UK,Tfl
01/03/2022,ASDA STORES             FELTHAM,10.5,Feltham,Asda
01/03/2022,CO-OP - CHISWICK HIGH R LONDON,4.36,Chiswick,Co-Op
01/03/2022,TFL TRAVEL CHARGE       TFL.GOV.UK/CP,5.85,UK,Tfl
28/02/2022,CO-OP - CHISWICK HIGH R LONDON,2.75,Chiswick,Co-Op
28/02/2022,MCDONALD'S FELTHAM      FELTHAM      ,1.99,Feltham,Mcdonald'S
28/02/2022,TFL TRAVEL CHARGE       TFL.GOV.UK/CP,8.0,UK,Tfl
26/02/2022,SPORTS DIRECT  HOUNSLOW HOUNSLOW,25.09,UK,Sports Direct
26/02/2022,PRIMARK HOUNSLOW        HOUNSLOW,9.0,UK,Primark
26/02/2022,TFL TRAVEL CHARGE       TFL.GOV.UK/CP,3.1,UK,Tfl
25/02/2022,TFL TRAVEL CHARGE       TFL.GOV.UK/CP,5.55,UK,Tfl
25/02/2022,ASDA STORES             FELTHAM,5.35,Feltham,Asda
25/02/2022,CO-OP - CHISWICK HIGH R LONDON,3.75,Chiswick,Co-Op
24/02/2022,UBER EATS               SAN FRANCISCO,5.29,UK,Uber
24/02/2022,CO-OP - CHISWICK HIGH R LONDON,1.65,Chiswick,Co-Op
24/02/2022,DAYFRESH                LONDON,5.5,London,Dayfresh
24/02/2022,TFL TRAVEL CHARGE       TFL.GOV.UK/CP,5.55,UK,Tfl
23/02/2022,MCDONALDS NORTH END FUL LONDON,3.88,London,Other
23/02/2022,TFL TRAVEL CHARGE       TFL.GOV.UK/CP,9.0,UK,Tfl
23/02/2022,CO-OP - CHISWICK HIGH R LONDON,3.31,Chiswick,Co-Op
23/02/2022,MCDONALD'S FELTHAM      FELTHAM      ,0.99,Feltham,Mcdonald'S
22/02/2022,CO-OP - CHISWICK HIGH R LONDON,3.65,Chiswick,Co-Op
22/02/2022,TFL TRAVEL CHARGE       TFL.GOV.UK/CP,5.55,UK,Tfl
22/02/2022,ASDA STORES             FELTHAM,13.47,Feltham,Asda
21/02/2022,TFL TRAVEL CHARGE       TFL.GOV.UK/CP,5.55,UK,Tfl
21/02/2022,CO-OP - CHISWICK HIGH R LONDON,3.7,Chiswick,Co-Op
19/02/2022,MCDONALD'S - BRENT PARK LONDON,1.98,London,Mcdonald'S
19/02/2022,MCDONALD'S - BRENT PARK LONDON,1.98,London,Mcdonald'S
19/02/2022,MCDONALD'S - BRENT PARK LONDON,6.17,London,Mcdonald'S
19/02/2022,TFL TRAVEL CHARGE       TFL.GOV.UK/CP,2.5,UK,Tfl
19/02/2022,UBER EATS               SAN FRANCISCO,1.0,UK,Uber
19/02/2022,UBER EATS               SAN FRANCISCO,6.94,UK,Uber
18/02/2022,DAYFRESH                LONDON,6.5,London,Dayfresh
18/02/2022,CO-OP - CHISWICK HIGH R LONDON,10.0,Chiswick,Co-Op
18/02/2022,TFL TRAVEL CHARGE       TFL.GOV.UK/CP,4.8,UK,Tfl
18/02/2022,ASDA STORES             FELTHAM,5.35,Feltham,Asda
18/02/2022,CO-OP - CHISWICK HIGH R LONDON,1.75,Chiswick,Co-Op
17/02/2022,CO-OP - CHISWICK HIGH R LONDON,1.75,Chiswick,Co-Op
17/02/2022,DAYFRESH                LONDON,5.5,London,Dayfresh
17/02/2022,TFL TRAVEL CHARGE       TFL.GOV.UK/CP,8.0,UK,Tfl
16/02/2022,ASDA STORES             FELTHAM,29.0,Feltham,Asda
16/02/2022,CO-OP - CHISWICK HIGH R LONDON,3.75,Chiswick,Co-Op
16/02/2022,TFL TRAVEL CHARGE       TFL.GOV.UK/CP,8.0,UK,Tfl
15/02/2022,TFL TRAVEL CHARGE       TFL.GOV.UK/CP,8.0,UK,Tfl
15/02/2022,ASDA STORES             FELTHAM,5.46,Feltham,Asda
15/02/2022,CO-OP - CHISWICK HIGH R LONDON,1.75,Chiswick,Co-Op
15/02/2022,DAYFRESH                LONDON,5.5,London,Dayfresh
14/02/2022,TFL TRAVEL CHARGE       TFL.GOV.UK/CP,8.0,UK,Tfl
14/02/2022,CO-OP - CHISWICK HIGH R LONDON,11.75,Chiswick,Co-Op
14/02/2022,DAYFRESH                LONDON,5.5,London,Dayfresh
13/02/2022,TFL TRAVEL CHARGE       TFL.GOV.UK/CP,3.1,UK,Tfl
12/02/2022,UBER EATS               SAN FRANCISCO,3.98,UK,Uber
11/02/2022,TFL TRAVEL CHARGE       TFL.GOV.UK/CP,8.9,UK,Tfl
11/02/2022,ASDA STORES             FELTHAM,2.75,Feltham,Asda
11/02/2022,CO-OP - CHISWICK HIGH R LONDON,1.75,Chiswick,Co-Op
11/02/2022,DAYFRESH                LONDON,6.5,London,Dayfresh
11/02/2022,J D WETHERSPOON PLC     WATFORD,4.35,Watford,Wetherspoon
11/02/2022,J D WETHERSPOON PLC     WATFORD,6.98,Watford,Wetherspoon
10/02/2022,TFL TRAVEL CHARGE       TFL.GOV.UK/CP,4.0,UK,Tfl
10/02/2022,TFL TRAVEL CHARGE       TFL.GOV.UK/CP,4.0,UK,Tfl
10/02/2022,CO-OP - CHISWICK HIGH R LONDON,13.11,Chiswick,Co-Op
09/02/2022,ASDA STORES             FELTHAM,9.75,Feltham,Asda
09/02/2022,MCDONALD'S FELTHAM      FELTHAM      ,6.46,Feltham,Mcdonald'S
09/02/2022,MCDONALD'S FELTHAM      FELTHAM      ,7.06,Feltham,Mcdonald'S
09/02/2022,TFL TRAVEL CHARGE       TFL.GOV.UK/CP,4.45,UK,Tfl
09/02/2022,TK MAXX                 HOUNSLOW,73.16,UK,Tk Maxx
08/02/2022,MCDONALD'S FELTHAM      FELTHAM      ,2.98,Feltham,Mcdonald'S
08/02/2022,ASDA STORES             FELTHAM,7.4,Feltham,Asda
07/02/2022,MCDONALD'S FELTHAM      FELTHAM      ,4.96,Feltham,Mcdonald'S
07/02/2022,TFL TRAVEL CHARGE       TFL.GOV.UK/CP,13.5,UK,Tfl
07/02/2022,ASDA STORES             FELTHAM,5.75,Feltham,Asda
06/02/2022,TFL TRAVEL CHARGE       TFL.GOV.UK/CP,3.0,UK,Tfl
05/02/2022,TFL TRAVEL CHARGE       TFL.GOV.UK/CP,1.55,UK,Tfl
05/02/2022,AMZNMKTPLACE            AMAZON.CO.UK,15.19,UK,Amznmktplace
04/02/2022,ASDA STORES             FELTHAM,6.9,Feltham,Asda
04/02/2022,TESCO STORE 3484 3484TE LONDON,3.7,London,Tesco
04/02/2022,TESCO STORE 3484 3484TE LONDON,11.09,London,Tesco
04/02/2022,TFL TRAVEL CHARGE       TFL.GOV.UK/CP,7.0,UK,Tfl
03/02/2022,TFL TRAVEL CHARGE       TFL.GOV.UK/CP,6.0,UK,Tfl
03/02/2022,WIKIMEDIA 877 600 9454  SAN FRANCISCO,2.35,UK,Wikimedia
02/02/2022,MCDONALDS               LONDON,7.15,London,Other
02/02/2022,TFL TRAVEL CHARGE       TFL.GOV.UK/CP,12.6,UK,Tfl
01/02/2022,ASDA STORES             FELTHAM,5.7,Feltham,Asda
29/01/2022,MCDONALDS HIGH HOLBORN  LONDON,7.86,Holborn,Other
29/01/2022,TFL TRAVEL CHARGE       TFL.GOV.UK/CP,13.5,UK,Tfl
28/01/2022,ASDA STORES             FELTHAM,18.99,Feltham,Asda
28/01/2022,ASDA STORES             FELTHAM,8.99,Feltham,Asda
28/01/2022,ASDA STORES             FELTHAM,13.98,Feltham,Asda
27/01/2022,MCDONALD'S FELTHAM      FELTHAM      ,1.99,Feltham,Mcdonald'S
27/01/2022,SPECSAVERS OPTICIANS    FELTHAM,34.0,Feltham,Specsavers
25/01/2022,ASDA STORES             FELTHAM,9.95,Feltham,Asda
25/01/2022,MCDONALD'S FELTHAM      FELTHAM      ,7.37,Feltham,Mcdonald'S
25/01/2022,MCDONALDS STRAND        LONDON,1.98,London,Other
25/01/2022,MCDONALDS STRAND        LONDON,3.18,London,Other
25/01/2022,TESCO STORE 3482 3482TE LONDON,0.2,London,Tesco
25/01/2022,TESCO STORE 3482 3482TE LONDON,5.5,London,Tesco
25/01/2022,TFL TRAVEL CHARGE       TFL.GOV.UK/CP,8.6,UK,Tfl
20/01/2022,ASDA STORES             FELTHAM,4.0,Feltham,Asda
19/01/2022,SPECSAVERS OPTICIANS    FELTHAM,35.0,Feltham,Specsavers
19/01/2022,ASDA STORES             FELTHAM,14.91,Feltham,Asda
18/01/2022,TFL TRAVEL CHARGE       TFL.GOV.UK/CP,10.55,UK,Tfl
17/01/2022,ASDA STORES             FELTHAM,15.66,Feltham,Asda
15/01/2022,TFL TRAVEL CHARGE       TFL.GOV.UK/CP,4.8,UK,Tfl
11/01/2022,J D WETHERSPOON PLC     WATFORD,2.99,Watford,Wetherspoon
11/01/2022,MCDONALDS HIGH HOLBORN  LONDON,5.16,Holborn,Other
11/01/2022,TESCO STORE 2532 2532TE FELTHAM,9.64,Feltham,Tesco
11/01/2022,TFL TRAVEL CHARGE       TFL.GOV.UK/CP,8.6,UK,Tfl
10/01/2022,TFL TRAVEL CHARGE       TFL.GOV.UK/CP,11.6,UK,Tfl
10/01/2022,MCDONALD'S GREENWICH -  LONDON,2.98,Greenwich,Mcdonald'S
09/01/2022,ASDA STORES             FELTHAM,2.56,Feltham,Asda
08/01/2022,ASDA STORES             FELTHAM,1.99,Feltham,Asda
08/01/2022,COSTA HEATHROW T5 ARRIV HOUNSLOW,2.95,Heathrow,Costa
08/01/2022,HUTCHISON 3G RIUT4      GLASGOW,10.0,Glasgow,Hutchison
08/01/2022,TESCO STORE 2532 2532TE FELTHAM,5.24,Feltham,Tesco
08/01/2022,TFL TRAVEL CHARGE       TFL.GOV.UK/CP,1.5,UK,Tfl
08/01/2022,TFL TRAVEL CHARGE       TFL.GOV.UK/CP,3.1,UK,Tfl
08/01/2022,THE KIOSK               HOUNSLOW,2.6,UK,Other
06/01/2022,MCDONALD'S FELTHAM      FELTHAM      ,1.99,Feltham,Mcdonald'S
06/01/2022,WWW.A1COVIDTESTING.COM  NORWICH,45.0,Norwich,Other
05/01/2022,MCDONALD'S FELTHAM      FELTHAM      ,1.99,Feltham,Mcdonald'S
05/01/2022,ASDA STORES             FELTHAM,9.68,Feltham,Asda
04/01/2022,MCDONALD'S FELTHAM      FELTHAM      ,2.98,Feltham,Mcdonald'S
03/01/2022,WIKIMEDIA 877 600 9454  SAN FRANCISCO,2.35,UK,Wikimedia
03/01/2022,ASDA STORES             FELTHAM,3.3,Feltham,Asda
02/01/2022,MCDONALD'S FELTHAM      FELTHAM      ,3.87,Feltham,Mcdonald'S
30/12/2021,ASDA STORES             FELTHAM,13.26,Feltham,Asda
29/12/2021,TESCO STORE 2532 2532TE FELTHAM,1.81,Feltham,Tesco
29/12/2021,TESCO STORE 2532 2532TE FELTHAM,16.84,Feltham,Tesco
25/12/2021,IZ *GNDJ LIMITED        FELTHAM,5.19,Feltham,Other
23/12/2021,IZ *LITTLE KATHMANDU    EDGWARE,5.0,Edgware,Other
23/12/2021,MCDONALDS HIGH HOLBORN  LONDON,3.97,Holborn,Other
23/12/2021,TFL TRAVEL CHARGE       TFL.GOV.UK/CP,11.65,UK,Tfl
22/12/2021,ASDA STORES             FELTHAM,3.5,Feltham,Asda
20/12/2021,TESCO STORE 2532 2532TE FELTHAM,9.09,Feltham,Tesco
19/12/2021,AMAZON.CO.UK*0V4D65Y55  AMAZON.CO.UK,40.0,UK,Other
18/12/2021,ASDA STORES             FELTHAM,16.82,Feltham,Asda
17/12/2021,TFL TRAVEL CHARGE       TFL.GOV.UK/CP,5.8,UK,Tfl
16/12/2021,MCDONALD'S GREENWICH -  LONDON,2.98,Greenwich,Mcdonald'S
16/12/2021,TFL TRAVEL CHARGE       TFL.GOV.UK/CP,5.8,UK,Tfl
15/12/2021,BUDDHA_AIR_PVT_LTD_ECO  11111,18.39,UK,Other
14/12/2021,ASDA STORES             FELTHAM,5.35,Feltham,Asda
13/12/2021,ASDA STORES             FELTHAM,4.48,Feltham,Asda
13/12/2021,ASDA STORES             FELTHAM,11.25,Feltham,Asda
13/12/2021,TFL TRAVEL CHARGE       TFL.GOV.UK/CP,3.1,UK,Tfl
10/12/2021,TFL TRAVEL CHARGE       TFL.GOV.UK/CP,5.8,UK,Tfl
09/12/2021,MCDONALD'S GREENWICH -  LONDON,3.1,Greenwich,Mcdonald'S
09/12/2021,TESCO STORE 4911 4911TE GREENWICH,5.5,Greenwich,Tesco
09/12/2021,TFL TRAVEL CHARGE       TFL.GOV.UK/CP,7.35,UK,Tfl
07/12/2021,ASDA STORES             FELTHAM,33.74,Feltham,Asda
04/12/2021,ASDA STORES             FELTHAM,9.49,Feltham,Asda
04/12/2021,ASDA STORES             FELTHAM,12.9,Feltham,Asda
03/12/2021,WIKIMEDIA 877 600 9454  SAN FRANCISCO,2.35,UK,Wikimedia
02/12/2021,TESCO STORE 6209 6209TE LONDON,5.5,London,Tesco
02/12/2021,TFL TRAVEL CHARGE       TFL.GOV.UK/CP,5.6,UK,Tfl
01/12/2021,RECHARGE.COM*RECHARGE G AMSTERDAM,5.48,UK,Other
01/12/2021,MCDONALD'S FELTHAM      FELTHAM      ,1.98,Feltham,Mcdonald'S
30/11/2021,ASDA STORES             FELTHAM,3.8,Feltham,Asda
30/11/2021,TESCO STORE 2532 2532TE FELTHAM,12.4,Feltham,Tesco
29/11/2021,AMZNMKTPLACE            AMAZON.CO.UK,33.48,UK,Amznmktplace
28/11/2021,HOLLAND & BARRETT FELTH FELTHAM,13.23,Feltham,Other
28/11/2021,MCDONALD'S FELTHAM      FELTHAM      ,0.99,Feltham,Mcdonald'S
28/11/2021,TFL TRAVEL CHARGE       TFL.GOV.UK/CP,6.4,UK,Tfl
27/11/2021,ASDA STORES             FELTHAM,4.0,Feltham,Asda
25/11/2021,ASDA STORES             FELTHAM,7.08,Feltham,Asda
25/11/2021,MCDONALD'S GREENWICH -  LONDON,4.17,Greenwich,Mcdonald'S
25/11/2021,TFL TRAVEL CHARGE       TFL.GOV.UK/CP,11.6,UK,Tfl
24/11/2021,ASDA STORES             FELTHAM,7.74,Feltham,Asda
24/11/2021,ASDA STORES             FELTHAM,9.5,Feltham,Asda
24/11/2021,J D WETHERSPOON PLC     WATFORD,4.98,Watford,Wetherspoon
23/11/2021,JUUL LABS UK JUUL LABS  UNITED KINGDOM,11.98,UK,Other
22/11/2021,AMAZON.CO.UK*KC5WA4P65  AMAZON.CO.UK,30.99,UK,Other
21/11/2021,TFL TRAVEL CHARGE       TFL.GOV.UK/CP,1.55,UK,Tfl
21/11/2021,TFL TRAVEL CHARGE       TFL.GOV.UK/CP,1.55,UK,Tfl
20/11/2021,ASDA STORES             FELTHAM,6.74,Feltham,Asda
19/11/2021,ASDA STORES             FELTHAM,5.75,Feltham,Asda
19/11/2021,SPORTS DIRECT           FELTHAM,16.99,Feltham,Sports Direct
18/11/2021,ASDA STORES             FELTHAM,5.41,Feltham,Asda
18/11/2021,MCDONALD'S GREENWICH -  LONDON,2.98,Greenwich,Mcdonald'S
18/11/2021,MCDONALDS STRAND        LONDON,3.97,London,Other
18/11/2021,TFL TRAVEL CHARGE       TFL.GOV.UK/CP,12.6,UK,Tfl
17/11/2021,TFL TRAVEL CHARGE       TFL.GOV.UK/CP,3.1,UK,Tfl
16/11/2021,ASDA STORES             FELTHAM,2.75,Feltham,Asda
16/11/2021,JUUL LABS UK JUUL LABS  UNITED KINGDOM,5.99,UK,Other
14/11/2021,ASDA STORES             FELTHAM,5.7,Feltham,Asda
14/11/2021,DOMINOS FELTHAM         FELTHAM,3.99,Feltham,Other
14/11/2021,J D WETHERSPOON PLC     WATFORD,5.38,Watford,Wetherspoon
13/11/2021,TFL TRAVEL CHARGE       TFL.GOV.UK/CP,3.1,UK,Tfl
12/11/2021,ASDA STORES             FELTHAM,6.16,Feltham,Asda
11/11/2021,LEBARA MOBILE LIMITED   LONDON,10.0,London,Other
11/11/2021,TESCO STORE 2239 2239TE LONDON,3.7,London,Tesco
11/11/2021,TFL TRAVEL CHARGE       TFL.GOV.UK/CP,11.6,UK,Tfl
10/11/2021,ASDA STORES             FELTHAM,4.43,Feltham,Asda
10/11/2021,TFL TRAVEL CHARGE       TFL.GOV.UK/CP,3.1,UK,Tfl
09/11/2021,ASDA STORES             FELTHAM,2.1,Feltham,Asda
09/11/2021,TFL TRAVEL CHARGE       TFL.GOV.UK/CP,3.1,UK,Tfl
08/11/2021,AMZNMKTPLACE            AMAZON.CO.UK,30.23,UK,Amznmktplace
08/11/2021,ASDA STORES             FELTHAM,2.69,Feltham,Asda
07/11/2021,TFL TRAVEL CHARGE       TFL.GOV.UK/CP,3.1,UK,Tfl
06/11/2021,ADIDAS (UK) LIMITED     STOCKPORT,11.23,Stockport,Other
06/11/2021,TFL TRAVEL CHARGE       TFL.GOV.UK/CP,6.35,UK,Tfl
04/11/2021,TFL TRAVEL CHARGE       TFL.GOV.UK/CP,13.15,UK,Tfl
04/11/2021,J D WETHERSPOON PLC     WATFORD,6.95,Watford,Wetherspoon
03/11/2021,ASDA STORES             FELTHAM,8.92,Feltham,Asda
02/11/2021,TFL TRAVEL CHARGE       TFL.GOV.UK/CP,3.1,UK,Tfl
01/11/2021,TFL TRAVEL CHARGE       TFL.GOV.UK/CP,1.55,UK,Tfl
31/10/2021,TESCO STORE 5374 5374TE SUTTON,3.7,Sutton,Tesco
31/10/2021,TFL TRAVEL CHARGE       TFL.GOV.UK/CP,3.1,UK,Tfl
30/10/2021,TFL TRAVEL CHARGE       TFL.GOV.UK/CP,1.55,UK,Tfl
29/10/2021,ASDA STORES             FELTHAM,4.08,Feltham,Asda
28/10/2021,ASDA STORES             FELTHAM,6.0,Feltham,Asda
27/10/2021,TFL TRAVEL CHARGE       TFL.GOV.UK/CP,3.1,UK,Tfl
26/10/2021,TFL TRAVEL CHARGE       TFL.GOV.UK/CP,3.1,UK,Tfl
25/10/2021,TFL TRAVEL CHARGE       TFL.GOV.UK/CP,3.1,UK,Tfl
24/10/2021,TFL TRAVEL CHARGE       TFL.GOV.UK/CP,3.1,UK,Tfl
23/10/2021,ASDA STORES             FELTHAM,1.99,Feltham,Asda
23/10/2021,TFL TRAVEL CHARGE       TFL.GOV.UK/CP,3.1,UK,Tfl
22/10/2021,ASDA STORES             FELTHAM,3.0,Feltham,Asda
22/10/2021,ASDA STORES             FELTHAM,10.59,Feltham,Asda
21/10/2021,TFL TRAVEL CHARGE       TFL.GOV.UK/CP,11.6,UK,Tfl
18/10/2021,ASDA STORES             FELTHAM,6.63,Feltham,Asda
18/10/2021,LEBARA MOBILE LIMITED   LONDON,10.0,London,Other
18/10/2021,TFL TRAVEL CHARGE       TFL.GOV.UK/CP,3.1,UK,Tfl
17/10/2021,TFL TRAVEL CHARGE       TFL.GOV.UK/CP,3.1,UK,Tfl
16/10/2021,TFL TRAVEL CHARGE       TFL.GOV.UK/CP,10.6,UK,Tfl
15/10/2021,TFL TRAVEL CHARGE       TFL.GOV.UK/CP,8.85,UK,Tfl
14/10/2021,TFL TRAVEL CHARGE       TFL.GOV.UK/CP,8.6,UK,Tfl
14/10/2021,TFL TRAVEL CHARGE       TFL.GOV.UK/CP,7.65,UK,Tfl
14/10/2021,TESCO STORE 6346 6346TE LONDON,5.5,London,Tesco
14/10/2021,SHREE FOOD & NEWS       LONDON,5.78,London,Other
13/10/2021,ASDA STORES             FELTHAM,3.94,Feltham,Asda
12/10/2021,ASDA STORES             FELTHAM,9.35,Feltham,Asda
11/10/2021,TFL TRAVEL CHARGE       TFL.GOV.UK/CP,3.1,UK,Tfl
10/10/2021,TFL TRAVEL CHARGE       TFL.GOV.UK/CP,3.1,UK,Tfl
10/10/2021,AMZNMKTPLACE            AMAZON.CO.UK,1.46,UK,Amznmktplace
08/10/2021,3CPAYMENT*STARBUCKS 121 LONDON,3.85,London,Starbucks
08/10/2021,ASDA STORES             FELTHAM,3.99,Feltham,Asda
08/10/2021,TFL TRAVEL CHARGE       TFL.GOV.UK/CP,7.0,UK,Tfl
07/10/2021,TESCO STORE 6785 6785TE LONDON,5.25,London,Tesco
07/10/2021,TFL TRAVEL CHARGE       TFL.GOV.UK/CP,4.3,UK,Tfl
06/10/2021,TFL TRAVEL CHARGE       TFL.GOV.UK/CP,3.1,UK,Tfl
04/10/2021,TFL TRAVEL CHARGE       TFL.GOV.UK/CP,3.1,UK,Tfl
03/10/2021,ASDA STORES             FELTHAM,3.85,Feltham,Asda
03/10/2021,TFL TRAVEL CHARGE       TFL.GOV.UK/CP,3.1,UK,Tfl
02/10/2021,APPLE.COM/UK            LONDON,159.0,London,Apple
02/10/2021,APPLE.COM/UK            LONDON,739.8,London,Apple
